{"cameraMode":{"drawMode":0,"name":"Shaded","section":"Shading Mode"},"sceneLighting":true,"audioPlay":false,"sceneViewState":{"m_AlwaysRefresh":false,"showFog":true,"showSkybox":true,"showFlares":true,"showImageEffects":true,"showParticleSystems":true,"showVisualEffectGraphs":true,"m_FxEnabled":true},"in2DMode":false,"pivot":{"x":-10.235514640808106,"y":31.354633331298829,"z":13.46450424194336},"rotation":{"x":-0.127637580037117,"y":0.20434853434562684,"z":-0.026882734149694444,"w":-0.9701727628707886},"size":14.102907180786133,"orthographic":false}